Nome,CPF
0,921839647
1,891260418
2,428333760
3,889012710
4,329709734
5,293922567
6,677278754
7,535599646
8,227574400
9,540762707
10,759666623
11,109874223
12,573294108
13,318974492
14,974158098
15,579693882
16,400527797
17,628966798
18,656045727
19,669405406
20,526409491
21,140981520
22,119545694
23,119021991
24,307732353
25,245137317
26,696777790
27,520153550
28,702115240
29,599920477
30,438168227
31,446442570
32,481998390
33,969285225
34,871279987
35,412670347
36,455566596
37,385159824
38,609404242
39,105555225
0,921839647
1,891260418
2,428333760
3,889012710
4,329709734
5,293922567
6,677278754
7,535599646
8,227574400
9,540762707
10,759666623
11,109874223
12,573294108
13,318974492
14,974158098
15,579693882
16,400527797
17,628966798
18,656045727
19,669405406
20,526409491
21,140981520
22,119545694
23,119021991
24,307732353
25,245137317
26,696777790
27,520153550
28,702115240
29,599920477
30,438168227
31,446442570
32,481998390
33,969285225
34,871279987
35,412670347
36,455566596
37,385159824
38,609404242
39,105555225
0,921839647
1,891260418
2,428333760
3,889012710
4,329709734
5,293922567
6,677278754
7,535599646
8,227574400
9,540762707
10,759666623
11,109874223
12,573294108
13,318974492
14,974158098
15,579693882
16,400527797
17,628966798
18,656045727
19,669405406
20,526409491
21,140981520
22,119545694
23,119021991
24,307732353
25,245137317
26,696777790
27,520153550
28,702115240
29,599920477
30,438168227
31,446442570
32,481998390
33,969285225
34,871279987
35,412670347
36,455566596
37,385159824
38,609404242
39,105555225
